{
  "dataset": "MNIST",
  "seed": 42,
  "image_shape": [
    1,
    32,
    32
  ],
  "num_classes": 10,
  "splits": {
    "train_size": 50000,
    "validation_size": 10000,
    "test_size": 10000
  },
  "normalization_mean": [
    0.13101358806265007
  ],
  "normalization_std": [
    0.2894179023904892
  ],
  "class_distribution": {
    "train": {
      "0": 4936,
      "1": 5618,
      "2": 4965,
      "3": 5109,
      "4": 4868,
      "5": 4518,
      "6": 4932,
      "7": 5221,
      "8": 4876,
      "9": 4957
    },
    "validation": {
      "0": 987,
      "1": 1124,
      "2": 993,
      "3": 1022,
      "4": 974,
      "5": 903,
      "6": 986,
      "7": 1044,
      "8": 975,
      "9": 992
    },
    "test": {
      "0": 980,
      "1": 1135,
      "2": 1032,
      "3": 1010,
      "4": 982,
      "5": 892,
      "6": 958,
      "7": 1028,
      "8": 974,
      "9": 1009
    }
  }
}