model,type,best_epoch,image_size,accuracy,precision_macro,recall_macro,f1_macro,loss,feature_source_model
model_1_lenet_baseline,cnn,13.0,32,0.6363,0.6343154715333977,0.6363000000000001,0.6340387136902784,1.0487145429611207,
model_2_lenet_improved,cnn,18.0,32,0.6832,0.6838626596107777,0.6832,0.681861260232529,0.9253543836593628,
model_3_resnet18_reference,cnn,6.0,64,0.7619,0.7616348452733581,0.7619,0.7592242491182213,0.7595232564926148,
model_5_full_cnn_for_hybrid_comparison,cnn,19.0,32,0.7552,0.7548665593910389,0.7552,0.7546646852749941,1.0693235733032227,
model_4_hybrid_random_forest,hybrid_ml,,32,0.7521,0.7522524663346891,0.7521,0.7520081263484386,,model_5_full_cnn_for_hybrid_comparison
