epoch,train_loss,train_accuracy,val_loss,val_accuracy
1.0,0.06611315771147609,0.98334,0.026087635185476393,0.9922
2.0,0.015163574627637863,0.99582,0.023432446742686443,0.9932
3.0,0.009851024220101536,0.99734,0.024838147767959163,0.9926
4.0,0.006427715625427663,0.99842,0.016573034500225913,0.9938
5.0,0.006416793458759785,0.99828,0.02290506805013865,0.9927
6.0,0.006756136874966324,0.99808,0.021405402538989437,0.9933
7.0,0.005331473515722901,0.9985,0.022894651012914255,0.9937
8.0,0.004771849919520318,0.99868,0.019411287269042805,0.9935
