{
  "dataset": "MNIST",
  "device": "cuda",
  "best_epochs": {
    "model_1_lenet_baseline": 16,
    "model_2_lenet_improved": 22,
    "model_3_resnet18_reference": 4,
    "model_5_full_cnn_for_hybrid_comparison": 24
  },
  "split_manifest": {
    "dataset": "MNIST",
    "seed": 42,
    "image_shape": [
      1,
      32,
      32
    ],
    "num_classes": 10,
    "splits": {
      "train_size": 50000,
      "validation_size": 10000,
      "test_size": 10000
    },
    "normalization_mean": [
      0.13101358806265007
    ],
    "normalization_std": [
      0.2894179023904892
    ],
    "class_distribution": {
      "train": {
        "0": 4936,
        "1": 5618,
        "2": 4965,
        "3": 5109,
        "4": 4868,
        "5": 4518,
        "6": 4932,
        "7": 5221,
        "8": 4876,
        "9": 4957
      },
      "validation": {
        "0": 987,
        "1": 1124,
        "2": 993,
        "3": 1022,
        "4": 974,
        "5": 903,
        "6": 986,
        "7": 1044,
        "8": 975,
        "9": 992
      },
      "test": {
        "0": 980,
        "1": 1135,
        "2": 1032,
        "3": 1010,
        "4": 982,
        "5": 892,
        "6": 958,
        "7": 1028,
        "8": 974,
        "9": 1009
      }
    }
  },
  "results": [
    {
      "model": "model_1_lenet_baseline",
      "type": "cnn",
      "best_epoch": 16.0,
      "image_size": 32,
      "accuracy": 0.9901,
      "precision_macro": 0.9899326997,
      "recall_macro": 0.9900470778,
      "f1_macro": 0.9899679563,
      "loss": 0.0336202794,
      "feature_source_model": null
    },
    {
      "model": "model_2_lenet_improved",
      "type": "cnn",
      "best_epoch": 22.0,
      "image_size": 32,
      "accuracy": 0.9928,
      "precision_macro": 0.992775761,
      "recall_macro": 0.9926995892,
      "f1_macro": 0.9927277857,
      "loss": 0.0260381149,
      "feature_source_model": null
    },
    {
      "model": "model_3_resnet18_reference",
      "type": "cnn",
      "best_epoch": 4.0,
      "image_size": 224,
      "accuracy": 0.9937,
      "precision_macro": 0.9936926574,
      "recall_macro": 0.9935735538,
      "f1_macro": 0.9936224217,
      "loss": 0.0208066268,
      "feature_source_model": null
    },
    {
      "model": "model_5_full_cnn_for_hybrid_comparison",
      "type": "cnn",
      "best_epoch": 24.0,
      "image_size": 32,
      "accuracy": 0.9949,
      "precision_macro": 0.9948495493,
      "recall_macro": 0.9948521813,
      "f1_macro": 0.9948479152,
      "loss": 0.016670689,
      "feature_source_model": null
    },
    {
      "model": "model_4_hybrid_linear_svc",
      "type": "hybrid_ml",
      "best_epoch": null,
      "image_size": 32,
      "accuracy": 0.9958,
      "precision_macro": 0.9957946242,
      "recall_macro": 0.995757125,
      "f1_macro": 0.9957723828,
      "loss": null,
      "feature_source_model": "model_5_full_cnn_for_hybrid_comparison"
    }
  ],
  "hybrid_feature_summary": {
    "train_features_shape": [
      50000,
      256
    ],
    "train_labels_shape": [
      50000
    ],
    "test_features_shape": [
      10000,
      256
    ],
    "test_labels_shape": [
      10000
    ],
    "feature_source_model": "model_5_full_cnn_for_hybrid_comparison",
    "hybrid_classifier": "LinearSVC"
  }
}